<?xml version="1.0" encoding="utf-8"?>
<modification>
    <name>Add Description in Banner</name>
    <code>banner_IS</code>
    <version>1.0</version>
    <author>Azat Zinnurov</author>
    <link>http://uwebacademy.ru</link>
    <file path="admin/controller/design/banner.php">
    	<operation error="abort">
            <search><![CDATA[
               if (($this->request->server['REQUEST_METHOD'] == 'POST') && $this->validateForm()) {
            ]]></search>
            <add position="before"><![CDATA[
            	/* Add Column Descriptin in table tablePrefix_banner_image if column not exist */
            	$this->model_design_banner->addDescriptionColumnIfNotExist();
            ]]></add>
        </operation>
        <operation error="abort">
            <search><![CDATA[
               $data['banner_images'][$key][] = array(
            ]]></search>
            <add position="after" trim="true"><![CDATA[
               'description' => $banner_image['description'],
            ]]></add>
        </operation>
    </file>
    <file path="admin/model/design/banner.php">
    	<operation error="abort">
            <search><![CDATA[
               class ModelDesignBanner extends Model {
            ]]></search>
            <add position="after"><![CDATA[
                /* Add Column Descriptin in table tablePrefix_banner_image if column not exist */
				public function addDescriptionColumnIfNotExist() {
					$query = $this->db->query("DESC ".DB_PREFIX."banner_image description");

			        if (!$query->num_rows) {
			            $query = $this->db->query("ALTER TABLE `" . DB_PREFIX . "banner_image` ADD `description` TEXT NOT NULL AFTER `link`");
			        }
				}
            ]]></add>
        </operation>
        <operation error="abort">
            <search><![CDATA[
                $this->db->query("INSERT INTO " . DB_PREFIX . "banner_image SET banner_id = '" . (int)$banner_id . "', language_id = '" . (int)$language_id . "', title = '" .  $this->db->escape($banner_image['title']) . "', link = '" .  $this->db->escape($banner_image['link']) . "', image = '" .  $this->db->escape($banner_image['image']) . "', sort_order = '" .  (int)$banner_image['sort_order'] . "'");
            ]]></search>
            <add position="replace"><![CDATA[
               $this->db->query("INSERT INTO " . DB_PREFIX . "banner_image SET banner_id = '" . (int)$banner_id . "', language_id = '" . (int)$language_id . "', title = '" .  $this->db->escape($banner_image['title']) . "', link = '" .  $this->db->escape($banner_image['link']) . "',  description = '" .  $this->db->escape($banner_image['description']) . "', image = '" .  $this->db->escape($banner_image['image']) . "', sort_order = '" .  (int)$banner_image['sort_order'] . "'");
            ]]></add>
        </operation>
        <operation error="abort">
            <search><![CDATA[
                $this->db->query("INSERT INTO " . DB_PREFIX . "banner_image SET banner_id = '" . (int)$banner_id . "', language_id = '" . (int)$language_id . "', title = '" .  $this->db->escape($banner_image['title']) . "', link = '" .  $this->db->escape($banner_image['link']) . "', image = '" .  $this->db->escape($banner_image['image']) . "', sort_order = '" . (int)$banner_image['sort_order'] . "'");
            ]]></search>
            <add position="replace"><![CDATA[
               $this->db->query("INSERT INTO " . DB_PREFIX . "banner_image SET banner_id = '" . (int)$banner_id . "', language_id = '" . (int)$language_id . "', title = '" .  $this->db->escape($banner_image['title']) . "', link = '" .  $this->db->escape($banner_image['link']) . "', description = '" .  $this->db->escape($banner_image['description']) . "', image = '" .  $this->db->escape($banner_image['image']) . "', sort_order = '" . (int)$banner_image['sort_order'] . "'");
            ]]></add>
        </operation>
        <operation error="abort">
            <search><![CDATA[
                $banner_image_data[$banner_image['language_id']][] = array(
            ]]></search>
            <add position="after" trim="trim"><![CDATA[
                'description' => $banner_image['description'],
            ]]></add>
        </operation>
    </file>
    <file path="admin/language/en-gb/design/banner.php">
        <operation error="skip">
            <search trim="true"><![CDATA[
               $_['entry_link']
            ]]></search>
            <add position="after" trim="true"><![CDATA[
               $_['entry_description'] = 'Description';
            ]]></add>
        </operation>
    </file>
    <file path="admin/language/ru-ru/design/banner.php">
        <operation error="skip">
            <search trim="true"><![CDATA[
               $_['entry_link']
            ]]></search>
            <add position="after" trim="true"><![CDATA[
               $_['entry_description'] = 'Описание';
            ]]></add>
        </operation>
    </file>
    <file path="admin/view/template/design/banner_form.twig">
        <operation error="abort">
            <search><![CDATA[
               <table id="images{{ language.language_id }}" class="table table-striped table-bordered table-hover">
            ]]></search>
            <add position="replace" trim="true"><![CDATA[
               <table id="images{{ language.language_id }}" class="table table-striped table-bordered table-hover" style="table-layout: fixed; width: 100%;">
            ]]></add>
        </operation>
        <operation error="abort">
            <search><![CDATA[
               <td class="text-left">{{ entry_link }}</td>
            ]]></search>
            <add position="after" trim="true"><![CDATA[
               <td class="text-left" style="width: 30%;">{{ entry_description }}</td>
            ]]></add>
        </operation>
        <operation error="abort">
            <search trim="true"><![CDATA[
             	<td class="text-left" style="width: 30%;"><input type="text" name="banner_image[{{ language.language_id }}][{{ image_row }}][link]" value="{{ banner_image.link }}" placeholder="{{ entry_link }}" class="form-control" /></td>
            ]]></search>
            <add position="after"><![CDATA[
               <td class="text-center"><textarea name="banner_image[{{ language.language_id }}][{{ image_row }}][description]" data-toggle="summernote" placeholder="{{ entry_description }}" class="form-control" />{{ banner_image.description }}</textarea></td>
            ]]></add>
        </operation>
        <operation error="abort">
            <search><![CDATA[
              <td colspan="4"></td>
            ]]></search>
            <add position="replace" trim="true"><![CDATA[
               <td colspan="5"></td>
            ]]></add>
        </operation>
        <operation error="abort">
            <search><![CDATA[
              html += '  <td class="text-left" style="width: 30%;"><input type="text" name="banner_image[' + language_id + '][' + image_row + '][link]" value="" placeholder="{{ entry_link }}" class="form-control" /></td>';
            ]]></search>
            <add position="after" trim="true"><![CDATA[
                html += '  <td class="text-left" style="width: 30%;"><textarea type="text" name="banner_image[' + language_id + '][' + image_row + '][description]" data-toggle="summernote" placeholder="{{ entry_description }}" class="form-control" /></textarea></td>';
            ]]></add>
        </operation>
        <operation error="abort">
            <search index="0"><![CDATA[
              </script>
            ]]></search>
            <add position="after" trim="true"><![CDATA[
                <link href="view/javascript/codemirror/lib/codemirror.css" rel="stylesheet" />
                <link href="view/javascript/codemirror/theme/monokai.css" rel="stylesheet" />
                <link href="view/javascript/summernote/summernote.css" rel="stylesheet" />
                <script type="text/javascript" src="view/javascript/codemirror/lib/codemirror.js"></script> 
                <script type="text/javascript" src="view/javascript/codemirror/lib/xml.js"></script> 
                <script type="text/javascript" src="view/javascript/codemirror/lib/formatting.js"></script> 
                <script type="text/javascript" src="view/javascript/summernote/summernote.js"></script>
                <script type="text/javascript" src="view/javascript/summernote/summernote-image-attributes.js"></script> 
                <script type="text/javascript" src="view/javascript/summernote/banner-sumernote.js"></script>
            ]]></add>
        </operation>
        <operation error="abort">
            <search><![CDATA[
              image_row++;
            ]]></search>
            <add position="after" trim="true"><![CDATA[
                // see in folder admin/view/javascript/summernote/banner-sumernote.js
                bannerSumernote();
            ]]></add>
        </operation>
    </file>
    <file path="catalog/controller/extension/module/slideshow.php">
        <operation error="abort">
            <search trim="true"><![CDATA[
                $data['banners'][] = array(
            ]]></search>
            <add position="after"><![CDATA[
               'description' => html_entity_decode($result['description'],  ENT_QUOTES, 'UTF-8'),
            ]]></add>
        </operation>
    </file>
    <file path="catalog/controller/extension/module/carousel.php">
        <operation error="abort">
            <search><![CDATA[
                $data['banners'][] = array(
            ]]></search>
            <add position="after"><![CDATA[
               'description' => html_entity_decode($result['description'],  ENT_QUOTES, 'UTF-8'),
            ]]></add>
        </operation>
    </file>
    <file path="catalog/controller/extension/module/banner.php">
        <operation error="abort">
            <search><![CDATA[
                $data['banners'][] = array(
            ]]></search>
            <add position="after"><![CDATA[
               'description' => html_entity_decode($result['description'],  ENT_QUOTES, 'UTF-8'),
            ]]></add>
        </operation>
    </file>
</modification>